<?xml version="1.0" encoding="UTF-8"?>
<project-private xmlns="http://www.netbeans.org/ns/project-private/1">
    <editor-bookmarks xmlns="http://www.netbeans.org/ns/editor-bookmarks/2" lastBookmarkId="0"/>
    <open-files xmlns="http://www.netbeans.org/ns/projectui-open-files/2">
        <group>
            <file>file:/E:/BANKING%20SOLUTIONS%20PACKAGE/BANKING_SOLUTIONS/src/banking_solutions/FRONT.java</file>
            <file>file:/E:/BANKING%20SOLUTIONS%20PACKAGE/BANKING_SOLUTIONS/src/banking_solutions/TRANSFER.java</file>
        </group>
    </open-files>
</project-private>
